realtime_start,value,date,realtime_end
12/6/2019,156309,1/1/1952,12/6/2019
12/6/2019,156527,2/1/1952,12/6/2019
12/6/2019,156731,3/1/1952,12/6/2019
12/6/2019,156943,4/1/1952,12/6/2019
12/6/2019,157140,5/1/1952,12/6/2019
12/6/2019,157343,6/1/1952,12/6/2019
12/6/2019,157553,7/1/1952,12/6/2019
12/6/2019,157798,8/1/1952,12/6/2019
12/6/2019,158053,9/1/1952,12/6/2019
12/6/2019,158306,10/1/1952,12/6/2019
12/6/2019,158451,11/1/1952,12/6/2019
12/6/2019,158757,12/1/1952,12/6/2019
12/6/2019,158973,1/1/1953,12/6/2019
12/6/2019,159170,2/1/1953,12/6/2019
12/6/2019,159349,3/1/1953,12/6/2019
12/6/2019,159556,4/1/1953,12/6/2019
12/6/2019,159745,5/1/1953,12/6/2019
12/6/2019,159956,6/1/1953,12/6/2019
12/6/2019,160184,7/1/1953,12/6/2019
12/6/2019,160449,8/1/1953,12/6/2019
12/6/2019,160718,9/1/1953,12/6/2019
12/6/2019,160978,10/1/1953,12/6/2019
12/6/2019,161223,11/1/1953,12/6/2019
12/6/2019,161453,12/1/1953,12/6/2019
12/6/2019,161690,1/1/1954,12/6/2019
12/6/2019,161912,2/1/1954,12/6/2019
12/6/2019,162124,3/1/1954,12/6/2019
12/6/2019,162350,4/1/1954,12/6/2019
12/6/2019,162564,5/1/1954,12/6/2019
12/6/2019,162790,6/1/1954,12/6/2019
12/6/2019,163026,7/1/1954,12/6/2019
12/6/2019,163290,8/1/1954,12/6/2019
12/6/2019,163570,9/1/1954,12/6/2019
12/6/2019,163847,10/1/1954,12/6/2019
12/6/2019,164107,11/1/1954,12/6/2019
12/6/2019,164349,12/1/1954,12/6/2019
12/6/2019,164588,1/1/1955,12/6/2019
12/6/2019,164809,2/1/1955,12/6/2019
12/6/2019,165018,3/1/1955,12/6/2019
12/6/2019,165251,4/1/1955,12/6/2019
12/6/2019,165463,5/1/1955,12/6/2019
12/6/2019,165695,6/1/1955,12/6/2019
12/6/2019,165931,7/1/1955,12/6/2019
12/6/2019,166192,8/1/1955,12/6/2019
12/6/2019,166473,9/1/1955,12/6/2019
12/6/2019,166755,10/1/1955,12/6/2019
12/6/2019,167023,11/1/1955,12/6/2019
12/6/2019,167270,12/1/1955,12/6/2019
12/6/2019,167513,1/1/1956,12/6/2019
12/6/2019,167746,2/1/1956,12/6/2019
12/6/2019,167977,3/1/1956,12/6/2019
12/6/2019,168221,4/1/1956,12/6/2019
12/6/2019,168436,5/1/1956,12/6/2019
12/6/2019,168659,6/1/1956,12/6/2019
12/6/2019,168903,7/1/1956,12/6/2019
12/6/2019,169191,8/1/1956,12/6/2019
12/6/2019,169488,9/1/1956,12/6/2019
12/6/2019,169780,10/1/1956,12/6/2019
12/6/2019,170063,11/1/1956,12/6/2019
12/6/2019,170315,12/1/1956,12/6/2019
12/6/2019,170571,1/1/1957,12/6/2019
12/6/2019,170806,2/1/1957,12/6/2019
12/6/2019,171029,3/1/1957,12/6/2019
12/6/2019,171271,4/1/1957,12/6/2019
12/6/2019,171501,5/1/1957,12/6/2019
12/6/2019,171741,6/1/1957,12/6/2019
12/6/2019,171984,7/1/1957,12/6/2019
12/6/2019,172257,8/1/1957,12/6/2019
12/6/2019,172538,9/1/1957,12/6/2019
12/6/2019,172816,10/1/1957,12/6/2019
12/6/2019,173070,11/1/1957,12/6/2019
12/6/2019,173298,12/1/1957,12/6/2019
12/6/2019,173533,1/1/1958,12/6/2019
12/6/2019,173746,2/1/1958,12/6/2019
12/6/2019,173945,3/1/1958,12/6/2019
12/6/2019,174176,4/1/1958,12/6/2019
12/6/2019,174397,5/1/1958,12/6/2019
12/6/2019,174639,6/1/1958,12/6/2019
12/6/2019,174882,7/1/1958,12/6/2019
12/6/2019,175143,8/1/1958,12/6/2019
12/6/2019,175413,9/1/1958,12/6/2019
12/6/2019,175697,10/1/1958,12/6/2019
12/6/2019,175966,11/1/1958,12/6/2019
12/6/2019,176207,12/1/1958,12/6/2019
12/6/2019,176447,1/1/1959,12/6/2019
12/6/2019,176685,2/1/1959,12/6/2019
12/6/2019,176905,3/1/1959,12/6/2019
12/6/2019,177146,4/1/1959,12/6/2019
12/6/2019,177365,5/1/1959,12/6/2019
12/6/2019,177591,6/1/1959,12/6/2019
12/6/2019,177830,7/1/1959,12/6/2019
12/6/2019,178101,8/1/1959,12/6/2019
12/6/2019,178376,9/1/1959,12/6/2019
12/6/2019,178657,10/1/1959,12/6/2019
12/6/2019,178921,11/1/1959,12/6/2019
12/6/2019,179153,12/1/1959,12/6/2019
12/6/2019,179386,1/1/1960,12/6/2019
12/6/2019,179597,2/1/1960,12/6/2019
12/6/2019,179788,3/1/1960,12/6/2019
12/6/2019,180007,4/1/1960,12/6/2019
12/6/2019,180222,5/1/1960,12/6/2019
12/6/2019,180444,6/1/1960,12/6/2019
12/6/2019,180671,7/1/1960,12/6/2019
12/6/2019,180945,8/1/1960,12/6/2019
12/6/2019,181238,9/1/1960,12/6/2019
12/6/2019,181528,10/1/1960,12/6/2019
12/6/2019,181796,11/1/1960,12/6/2019
12/6/2019,182042,12/1/1960,12/6/2019
12/6/2019,182287,1/1/1961,12/6/2019
12/6/2019,182520,2/1/1961,12/6/2019
12/6/2019,182742,3/1/1961,12/6/2019
12/6/2019,182992,4/1/1961,12/6/2019
12/6/2019,183217,5/1/1961,12/6/2019
12/6/2019,183452,6/1/1961,12/6/2019
12/6/2019,183691,7/1/1961,12/6/2019
12/6/2019,183958,8/1/1961,12/6/2019
12/6/2019,184243,9/1/1961,12/6/2019
12/6/2019,184524,10/1/1961,12/6/2019
12/6/2019,184783,11/1/1961,12/6/2019
12/6/2019,185016,12/1/1961,12/6/2019
12/6/2019,185242,1/1/1962,12/6/2019
12/6/2019,185452,2/1/1962,12/6/2019
12/6/2019,185650,3/1/1962,12/6/2019
12/6/2019,185874,4/1/1962,12/6/2019
12/6/2019,186087,5/1/1962,12/6/2019
12/6/2019,186314,6/1/1962,12/6/2019
12/6/2019,186538,7/1/1962,12/6/2019
12/6/2019,186790,8/1/1962,12/6/2019
12/6/2019,187058,9/1/1962,12/6/2019
12/6/2019,187323,10/1/1962,12/6/2019
12/6/2019,187574,11/1/1962,12/6/2019
12/6/2019,187796,12/1/1962,12/6/2019
12/6/2019,188013,1/1/1963,12/6/2019
12/6/2019,188213,2/1/1963,12/6/2019
12/6/2019,188387,3/1/1963,12/6/2019
12/6/2019,188580,4/1/1963,12/6/2019
12/6/2019,188790,5/1/1963,12/6/2019
12/6/2019,189018,6/1/1963,12/6/2019
12/6/2019,189242,7/1/1963,12/6/2019
12/6/2019,189496,8/1/1963,12/6/2019
12/6/2019,189761,9/1/1963,12/6/2019
12/6/2019,190028,10/1/1963,12/6/2019
12/6/2019,190265,11/1/1963,12/6/2019
12/6/2019,190472,12/1/1963,12/6/2019
12/6/2019,190668,1/1/1964,12/6/2019
12/6/2019,190858,2/1/1964,12/6/2019
12/6/2019,191047,3/1/1964,12/6/2019
12/6/2019,191245,4/1/1964,12/6/2019
12/6/2019,191447,5/1/1964,12/6/2019
12/6/2019,191666,6/1/1964,12/6/2019
12/6/2019,191889,7/1/1964,12/6/2019
12/6/2019,192131,8/1/1964,12/6/2019
12/6/2019,192376,9/1/1964,12/6/2019
12/6/2019,192631,10/1/1964,12/6/2019
12/6/2019,192847,11/1/1964,12/6/2019
12/6/2019,193039,12/1/1964,12/6/2019
12/6/2019,193223,1/1/1965,12/6/2019
12/6/2019,193393,2/1/1965,12/6/2019
12/6/2019,193540,3/1/1965,12/6/2019
12/6/2019,193709,4/1/1965,12/6/2019
12/6/2019,193888,5/1/1965,12/6/2019
12/6/2019,194087,6/1/1965,12/6/2019
12/6/2019,194303,7/1/1965,12/6/2019
12/6/2019,194528,8/1/1965,12/6/2019
12/6/2019,194761,9/1/1965,12/6/2019
12/6/2019,194997,10/1/1965,12/6/2019
12/6/2019,195195,11/1/1965,12/6/2019
12/6/2019,195372,12/1/1965,12/6/2019
12/6/2019,195539,1/1/1966,12/6/2019
12/6/2019,195688,2/1/1966,12/6/2019
12/6/2019,195831,3/1/1966,12/6/2019
12/6/2019,195999,4/1/1966,12/6/2019
12/6/2019,196178,5/1/1966,12/6/2019
12/6/2019,196372,6/1/1966,12/6/2019
12/6/2019,196560,7/1/1966,12/6/2019
12/6/2019,196762,8/1/1966,12/6/2019
12/6/2019,196984,9/1/1966,12/6/2019
12/6/2019,197207,10/1/1966,12/6/2019
12/6/2019,197398,11/1/1966,12/6/2019
12/6/2019,197572,12/1/1966,12/6/2019
12/6/2019,197736,1/1/1967,12/6/2019
12/6/2019,197892,2/1/1967,12/6/2019
12/6/2019,198037,3/1/1967,12/6/2019
12/6/2019,198206,4/1/1967,12/6/2019
12/6/2019,198363,5/1/1967,12/6/2019
12/6/2019,198537,6/1/1967,12/6/2019
12/6/2019,198712,7/1/1967,12/6/2019
12/6/2019,198911,8/1/1967,12/6/2019
12/6/2019,199113,9/1/1967,12/6/2019
12/6/2019,199311,10/1/1967,12/6/2019
12/6/2019,199498,11/1/1967,12/6/2019
12/6/2019,199657,12/1/1967,12/6/2019
12/6/2019,199808,1/1/1968,12/6/2019
12/6/2019,199920,2/1/1968,12/6/2019
12/6/2019,200056,3/1/1968,12/6/2019
12/6/2019,200208,4/1/1968,12/6/2019
12/6/2019,200361,5/1/1968,12/6/2019
12/6/2019,200536,6/1/1968,12/6/2019
12/6/2019,200706,7/1/1968,12/6/2019
12/6/2019,200898,8/1/1968,12/6/2019
12/6/2019,201095,9/1/1968,12/6/2019
12/6/2019,201290,10/1/1968,12/6/2019
12/6/2019,201466,11/1/1968,12/6/2019
12/6/2019,201621,12/1/1968,12/6/2019
12/6/2019,201760,1/1/1969,12/6/2019
12/6/2019,201881,2/1/1969,12/6/2019
12/6/2019,202023,3/1/1969,12/6/2019
12/6/2019,202161,4/1/1969,12/6/2019
12/6/2019,202331,5/1/1969,12/6/2019
12/6/2019,202507,6/1/1969,12/6/2019
12/6/2019,202677,7/1/1969,12/6/2019
12/6/2019,202877,8/1/1969,12/6/2019
12/6/2019,203090,9/1/1969,12/6/2019
12/6/2019,203302,10/1/1969,12/6/2019
12/6/2019,203500,11/1/1969,12/6/2019
12/6/2019,203675,12/1/1969,12/6/2019
12/6/2019,203849,1/1/1970,12/6/2019
12/6/2019,204008,2/1/1970,12/6/2019
12/6/2019,204156,3/1/1970,12/6/2019
12/6/2019,204401,4/1/1970,12/6/2019
12/6/2019,204607,5/1/1970,12/6/2019
12/6/2019,204830,6/1/1970,12/6/2019
12/6/2019,205052,7/1/1970,12/6/2019
12/6/2019,205295,8/1/1970,12/6/2019
12/6/2019,205540,9/1/1970,12/6/2019
12/6/2019,205788,10/1/1970,12/6/2019
12/6/2019,206024,11/1/1970,12/6/2019
12/6/2019,206238,12/1/1970,12/6/2019
12/6/2019,206466,1/1/1971,12/6/2019
12/6/2019,206668,2/1/1971,12/6/2019
12/6/2019,206855,3/1/1971,12/6/2019
12/6/2019,207065,4/1/1971,12/6/2019
12/6/2019,207260,5/1/1971,12/6/2019
12/6/2019,207462,6/1/1971,12/6/2019
12/6/2019,207661,7/1/1971,12/6/2019
12/6/2019,207881,8/1/1971,12/6/2019
12/6/2019,208114,9/1/1971,12/6/2019
12/6/2019,208345,10/1/1971,12/6/2019
12/6/2019,208555,11/1/1971,12/6/2019
12/6/2019,208740,12/1/1971,12/6/2019
12/6/2019,208917,1/1/1972,12/6/2019
12/6/2019,209061,2/1/1972,12/6/2019
12/6/2019,209212,3/1/1972,12/6/2019
12/6/2019,209386,4/1/1972,12/6/2019
12/6/2019,209545,5/1/1972,12/6/2019
12/6/2019,209725,6/1/1972,12/6/2019
12/6/2019,209896,7/1/1972,12/6/2019
12/6/2019,210075,8/1/1972,12/6/2019
12/6/2019,210278,9/1/1972,12/6/2019
12/6/2019,210479,10/1/1972,12/6/2019
12/6/2019,210656,11/1/1972,12/6/2019
12/6/2019,210821,12/1/1972,12/6/2019
12/6/2019,210985,1/1/1973,12/6/2019
12/6/2019,211120,2/1/1973,12/6/2019
12/6/2019,211254,3/1/1973,12/6/2019
12/6/2019,211420,4/1/1973,12/6/2019
12/6/2019,211577,5/1/1973,12/6/2019
12/6/2019,211746,6/1/1973,12/6/2019
12/6/2019,211909,7/1/1973,12/6/2019
12/6/2019,212092,8/1/1973,12/6/2019
12/6/2019,212289,9/1/1973,12/6/2019
12/6/2019,212475,10/1/1973,12/6/2019
12/6/2019,212634,11/1/1973,12/6/2019
12/6/2019,212785,12/1/1973,12/6/2019
12/6/2019,212932,1/1/1974,12/6/2019
12/6/2019,213074,2/1/1974,12/6/2019
12/6/2019,213211,3/1/1974,12/6/2019
12/6/2019,213361,4/1/1974,12/6/2019
12/6/2019,213513,5/1/1974,12/6/2019
12/6/2019,213686,6/1/1974,12/6/2019
12/6/2019,213854,7/1/1974,12/6/2019
12/6/2019,214042,8/1/1974,12/6/2019
12/6/2019,214246,9/1/1974,12/6/2019
12/6/2019,214451,10/1/1974,12/6/2019
12/6/2019,214625,11/1/1974,12/6/2019
12/6/2019,214782,12/1/1974,12/6/2019
12/6/2019,214931,1/1/1975,12/6/2019
12/6/2019,215065,2/1/1975,12/6/2019
12/6/2019,215198,3/1/1975,12/6/2019
12/6/2019,215353,4/1/1975,12/6/2019
12/6/2019,215523,5/1/1975,12/6/2019
12/6/2019,215768,6/1/1975,12/6/2019
12/6/2019,215973,7/1/1975,12/6/2019
12/6/2019,216195,8/1/1975,12/6/2019
12/6/2019,216393,9/1/1975,12/6/2019
12/6/2019,216587,10/1/1975,12/6/2019
12/6/2019,216771,11/1/1975,12/6/2019
12/6/2019,216931,12/1/1975,12/6/2019
12/6/2019,217095,1/1/1976,12/6/2019
12/6/2019,217249,2/1/1976,12/6/2019
12/6/2019,217381,3/1/1976,12/6/2019
12/6/2019,217528,4/1/1976,12/6/2019
12/6/2019,217685,5/1/1976,12/6/2019
12/6/2019,217861,6/1/1976,12/6/2019
12/6/2019,218035,7/1/1976,12/6/2019
12/6/2019,218233,8/1/1976,12/6/2019
12/6/2019,218440,9/1/1976,12/6/2019
12/6/2019,218644,10/1/1976,12/6/2019
12/6/2019,218834,11/1/1976,12/6/2019
12/6/2019,219006,12/1/1976,12/6/2019
12/6/2019,219179,1/1/1977,12/6/2019
12/6/2019,219344,2/1/1977,12/6/2019
12/6/2019,219504,3/1/1977,12/6/2019
12/6/2019,219684,4/1/1977,12/6/2019
12/6/2019,219859,5/1/1977,12/6/2019
12/6/2019,220046,6/1/1977,12/6/2019
12/6/2019,220239,7/1/1977,12/6/2019
12/6/2019,220458,8/1/1977,12/6/2019
12/6/2019,220688,9/1/1977,12/6/2019
12/6/2019,220904,10/1/1977,12/6/2019
12/6/2019,221109,11/1/1977,12/6/2019
12/6/2019,221303,12/1/1977,12/6/2019
12/6/2019,221477,1/1/1978,12/6/2019
12/6/2019,221629,2/1/1978,12/6/2019
12/6/2019,221792,3/1/1978,12/6/2019
12/6/2019,221991,4/1/1978,12/6/2019
12/6/2019,222176,5/1/1978,12/6/2019
12/6/2019,222379,6/1/1978,12/6/2019
12/6/2019,222585,7/1/1978,12/6/2019
12/6/2019,222805,8/1/1978,12/6/2019
12/6/2019,223053,9/1/1978,12/6/2019
12/6/2019,223271,10/1/1978,12/6/2019
12/6/2019,223477,11/1/1978,12/6/2019
12/6/2019,223670,12/1/1978,12/6/2019
12/6/2019,223865,1/1/1979,12/6/2019
12/6/2019,224053,2/1/1979,12/6/2019
12/6/2019,224235,3/1/1979,12/6/2019
12/6/2019,224438,4/1/1979,12/6/2019
12/6/2019,224632,5/1/1979,12/6/2019
12/6/2019,224843,6/1/1979,12/6/2019
12/6/2019,225055,7/1/1979,12/6/2019
12/6/2019,225295,8/1/1979,12/6/2019
12/6/2019,225547,9/1/1979,12/6/2019
12/6/2019,225801,10/1/1979,12/6/2019
12/6/2019,226027,11/1/1979,12/6/2019
12/6/2019,226243,12/1/1979,12/6/2019
12/6/2019,226451,1/1/1980,12/6/2019
12/6/2019,226656,2/1/1980,12/6/2019
12/6/2019,226849,3/1/1980,12/6/2019
12/6/2019,227061,4/1/1980,12/6/2019
12/6/2019,227251,5/1/1980,12/6/2019
12/6/2019,227522,6/1/1980,12/6/2019
12/6/2019,227726,7/1/1980,12/6/2019
12/6/2019,227953,8/1/1980,12/6/2019
12/6/2019,228186,9/1/1980,12/6/2019
12/6/2019,228417,10/1/1980,12/6/2019
12/6/2019,228612,11/1/1980,12/6/2019
12/6/2019,228779,12/1/1980,12/6/2019
12/6/2019,228937,1/1/1981,12/6/2019
12/6/2019,229071,2/1/1981,12/6/2019
12/6/2019,229224,3/1/1981,12/6/2019
12/6/2019,229403,4/1/1981,12/6/2019
12/6/2019,229575,5/1/1981,12/6/2019
12/6/2019,229761,6/1/1981,12/6/2019
12/6/2019,229966,7/1/1981,12/6/2019
12/6/2019,230187,8/1/1981,12/6/2019
12/6/2019,230412,9/1/1981,12/6/2019
12/6/2019,230641,10/1/1981,12/6/2019
12/6/2019,230822,11/1/1981,12/6/2019
12/6/2019,230989,12/1/1981,12/6/2019
12/6/2019,231157,1/1/1982,12/6/2019
12/6/2019,231313,2/1/1982,12/6/2019
12/6/2019,231470,3/1/1982,12/6/2019
12/6/2019,231645,4/1/1982,12/6/2019
12/6/2019,231809,5/1/1982,12/6/2019
12/6/2019,231992,6/1/1982,12/6/2019
12/6/2019,232188,7/1/1982,12/6/2019
12/6/2019,232392,8/1/1982,12/6/2019
12/6/2019,232599,9/1/1982,12/6/2019
12/6/2019,232816,10/1/1982,12/6/2019
12/6/2019,232993,11/1/1982,12/6/2019
12/6/2019,233160,12/1/1982,12/6/2019
12/6/2019,233322,1/1/1983,12/6/2019
12/6/2019,233473,2/1/1983,12/6/2019
12/6/2019,233613,3/1/1983,12/6/2019
12/6/2019,233781,4/1/1983,12/6/2019
12/6/2019,233922,5/1/1983,12/6/2019
12/6/2019,234118,6/1/1983,12/6/2019
12/6/2019,234307,7/1/1983,12/6/2019
12/6/2019,234501,8/1/1983,12/6/2019
12/6/2019,234701,9/1/1983,12/6/2019
12/6/2019,234907,10/1/1983,12/6/2019
12/6/2019,235078,11/1/1983,12/6/2019
12/6/2019,235235,12/1/1983,12/6/2019
12/6/2019,235385,1/1/1984,12/6/2019
12/6/2019,235527,2/1/1984,12/6/2019
12/6/2019,235675,3/1/1984,12/6/2019
12/6/2019,235839,4/1/1984,12/6/2019
12/6/2019,235993,5/1/1984,12/6/2019
12/6/2019,236160,6/1/1984,12/6/2019
12/6/2019,236348,7/1/1984,12/6/2019
12/6/2019,236549,8/1/1984,12/6/2019
12/6/2019,236760,9/1/1984,12/6/2019
12/6/2019,236976,10/1/1984,12/6/2019
12/6/2019,237159,11/1/1984,12/6/2019
12/6/2019,237316,12/1/1984,12/6/2019
12/6/2019,237468,1/1/1985,12/6/2019
12/6/2019,237602,2/1/1985,12/6/2019
12/6/2019,237732,3/1/1985,12/6/2019
12/6/2019,237900,4/1/1985,12/6/2019
12/6/2019,238074,5/1/1985,12/6/2019
12/6/2019,238270,6/1/1985,12/6/2019
12/6/2019,238466,7/1/1985,12/6/2019
12/6/2019,238679,8/1/1985,12/6/2019
12/6/2019,238898,9/1/1985,12/6/2019
12/6/2019,239113,10/1/1985,12/6/2019
12/6/2019,239307,11/1/1985,12/6/2019
12/6/2019,239477,12/1/1985,12/6/2019
12/6/2019,239638,1/1/1986,12/6/2019
12/6/2019,239788,2/1/1986,12/6/2019
12/6/2019,239928,3/1/1986,12/6/2019
12/6/2019,240094,4/1/1986,12/6/2019
12/6/2019,240271,5/1/1986,12/6/2019
12/6/2019,240459,6/1/1986,12/6/2019
12/6/2019,240651,7/1/1986,12/6/2019
12/6/2019,240854,8/1/1986,12/6/2019
12/6/2019,241068,9/1/1986,12/6/2019
12/6/2019,241274,10/1/1986,12/6/2019
12/6/2019,241467,11/1/1986,12/6/2019
12/6/2019,241620,12/1/1986,12/6/2019
12/6/2019,241784,1/1/1987,12/6/2019
12/6/2019,241930,2/1/1987,12/6/2019
12/6/2019,242079,3/1/1987,12/6/2019
12/6/2019,242252,4/1/1987,12/6/2019
12/6/2019,242423,5/1/1987,12/6/2019
12/6/2019,242608,6/1/1987,12/6/2019
12/6/2019,242804,7/1/1987,12/6/2019
12/6/2019,243012,8/1/1987,12/6/2019
12/6/2019,243223,9/1/1987,12/6/2019
12/6/2019,243446,10/1/1987,12/6/2019
12/6/2019,243639,11/1/1987,12/6/2019
12/6/2019,243809,12/1/1987,12/6/2019
12/6/2019,243981,1/1/1988,12/6/2019
12/6/2019,244131,2/1/1988,12/6/2019
12/6/2019,244279,3/1/1988,12/6/2019
12/6/2019,244445,4/1/1988,12/6/2019
12/6/2019,244610,5/1/1988,12/6/2019
12/6/2019,244806,6/1/1988,12/6/2019
12/6/2019,245021,7/1/1988,12/6/2019
12/6/2019,245240,8/1/1988,12/6/2019
12/6/2019,245464,9/1/1988,12/6/2019
12/6/2019,245693,10/1/1988,12/6/2019
12/6/2019,245884,11/1/1988,12/6/2019
12/6/2019,246056,12/1/1988,12/6/2019
12/6/2019,246224,1/1/1989,12/6/2019
12/6/2019,246378,2/1/1989,12/6/2019
12/6/2019,246530,3/1/1989,12/6/2019
12/6/2019,246721,4/1/1989,12/6/2019
12/6/2019,246906,5/1/1989,12/6/2019
12/6/2019,247114,6/1/1989,12/6/2019
12/6/2019,247342,7/1/1989,12/6/2019
12/6/2019,247573,8/1/1989,12/6/2019
12/6/2019,247816,9/1/1989,12/6/2019
12/6/2019,248067,10/1/1989,12/6/2019
12/6/2019,248281,11/1/1989,12/6/2019
12/6/2019,248479,12/1/1989,12/6/2019
12/6/2019,248659,1/1/1990,12/6/2019
12/6/2019,248827,2/1/1990,12/6/2019
12/6/2019,249012,3/1/1990,12/6/2019
12/6/2019,249306,4/1/1990,12/6/2019
12/6/2019,249565,5/1/1990,12/6/2019
12/6/2019,249849,6/1/1990,12/6/2019
12/6/2019,250132,7/1/1990,12/6/2019
12/6/2019,250439,8/1/1990,12/6/2019
12/6/2019,250751,9/1/1990,12/6/2019
12/6/2019,251057,10/1/1990,12/6/2019
12/6/2019,251346,11/1/1990,12/6/2019
12/6/2019,251626,12/1/1990,12/6/2019
12/6/2019,251889,1/1/1991,12/6/2019
12/6/2019,252135,2/1/1991,12/6/2019
12/6/2019,252372,3/1/1991,12/6/2019
12/6/2019,252643,4/1/1991,12/6/2019
12/6/2019,252913,5/1/1991,12/6/2019
12/6/2019,253207,6/1/1991,12/6/2019
12/6/2019,253493,7/1/1991,12/6/2019
12/6/2019,253807,8/1/1991,12/6/2019
12/6/2019,254126,9/1/1991,12/6/2019
12/6/2019,254435,10/1/1991,12/6/2019
12/6/2019,254718,11/1/1991,12/6/2019
12/6/2019,254964,12/1/1991,12/6/2019
12/6/2019,255214,1/1/1992,12/6/2019
12/6/2019,255448,2/1/1992,12/6/2019
12/6/2019,255703,3/1/1992,12/6/2019
12/6/2019,255992,4/1/1992,12/6/2019
12/6/2019,256285,5/1/1992,12/6/2019
12/6/2019,256589,6/1/1992,12/6/2019
12/6/2019,256894,7/1/1992,12/6/2019
12/6/2019,257232,8/1/1992,12/6/2019
12/6/2019,257548,9/1/1992,12/6/2019
12/6/2019,257861,10/1/1992,12/6/2019
12/6/2019,258147,11/1/1992,12/6/2019
12/6/2019,258413,12/1/1992,12/6/2019
12/6/2019,258679,1/1/1993,12/6/2019
12/6/2019,258919,2/1/1993,12/6/2019
12/6/2019,259152,3/1/1993,12/6/2019
12/6/2019,259414,4/1/1993,12/6/2019
12/6/2019,259680,5/1/1993,12/6/2019
12/6/2019,259963,6/1/1993,12/6/2019
12/6/2019,260255,7/1/1993,12/6/2019
12/6/2019,260566,8/1/1993,12/6/2019
12/6/2019,260867,9/1/1993,12/6/2019
12/6/2019,261163,10/1/1993,12/6/2019
12/6/2019,261425,11/1/1993,12/6/2019
12/6/2019,261674,12/1/1993,12/6/2019
12/6/2019,261919,1/1/1994,12/6/2019
12/6/2019,262123,2/1/1994,12/6/2019
12/6/2019,262352,3/1/1994,12/6/2019
12/6/2019,262631,4/1/1994,12/6/2019
12/6/2019,262877,5/1/1994,12/6/2019
12/6/2019,263152,6/1/1994,12/6/2019
12/6/2019,263436,7/1/1994,12/6/2019
12/6/2019,263724,8/1/1994,12/6/2019
12/6/2019,264017,9/1/1994,12/6/2019
12/6/2019,264301,10/1/1994,12/6/2019
12/6/2019,264559,11/1/1994,12/6/2019
12/6/2019,264804,12/1/1994,12/6/2019
12/6/2019,265044,1/1/1995,12/6/2019
12/6/2019,265270,2/1/1995,12/6/2019
12/6/2019,265495,3/1/1995,12/6/2019
12/6/2019,265755,4/1/1995,12/6/2019
12/6/2019,265998,5/1/1995,12/6/2019
12/6/2019,266270,6/1/1995,12/6/2019
12/6/2019,266557,7/1/1995,12/6/2019
12/6/2019,266843,8/1/1995,12/6/2019
12/6/2019,267152,9/1/1995,12/6/2019
12/6/2019,267456,10/1/1995,12/6/2019
12/6/2019,267715,11/1/1995,12/6/2019
12/6/2019,267943,12/1/1995,12/6/2019
12/6/2019,268151,1/1/1996,12/6/2019
12/6/2019,268364,2/1/1996,12/6/2019
12/6/2019,268595,3/1/1996,12/6/2019
12/6/2019,268853,4/1/1996,12/6/2019
12/6/2019,269108,5/1/1996,12/6/2019
12/6/2019,269386,6/1/1996,12/6/2019
12/6/2019,269667,7/1/1996,12/6/2019
12/6/2019,269976,8/1/1996,12/6/2019
12/6/2019,270284,9/1/1996,12/6/2019
12/6/2019,270581,10/1/1996,12/6/2019
12/6/2019,270878,11/1/1996,12/6/2019
12/6/2019,271125,12/1/1996,12/6/2019
12/6/2019,271360,1/1/1997,12/6/2019
12/6/2019,271585,2/1/1997,12/6/2019
12/6/2019,271821,3/1/1997,12/6/2019
12/6/2019,272083,4/1/1997,12/6/2019
12/6/2019,272342,5/1/1997,12/6/2019
12/6/2019,272622,6/1/1997,12/6/2019
12/6/2019,272912,7/1/1997,12/6/2019
12/6/2019,273237,8/1/1997,12/6/2019
12/6/2019,273553,9/1/1997,12/6/2019
12/6/2019,273852,10/1/1997,12/6/2019
12/6/2019,274126,11/1/1997,12/6/2019
12/6/2019,274372,12/1/1997,12/6/2019
12/6/2019,274626,1/1/1998,12/6/2019
12/6/2019,274838,2/1/1998,12/6/2019
12/6/2019,275047,3/1/1998,12/6/2019
12/6/2019,275304,4/1/1998,12/6/2019
12/6/2019,275564,5/1/1998,12/6/2019
12/6/2019,275836,6/1/1998,12/6/2019
12/6/2019,276115,7/1/1998,12/6/2019
12/6/2019,276418,8/1/1998,12/6/2019
12/6/2019,276714,9/1/1998,12/6/2019
12/6/2019,277003,10/1/1998,12/6/2019
12/6/2019,277277,11/1/1998,12/6/2019
12/6/2019,277526,12/1/1998,12/6/2019
12/6/2019,277790,1/1/1999,12/6/2019
12/6/2019,277992,2/1/1999,12/6/2019
12/6/2019,278198,3/1/1999,12/6/2019
12/6/2019,278451,4/1/1999,12/6/2019
12/6/2019,278717,5/1/1999,12/6/2019
12/6/2019,279001,6/1/1999,12/6/2019
12/6/2019,279295,7/1/1999,12/6/2019
12/6/2019,279602,8/1/1999,12/6/2019
12/6/2019,279903,9/1/1999,12/6/2019
12/6/2019,280203,10/1/1999,12/6/2019
12/6/2019,280471,11/1/1999,12/6/2019
12/6/2019,280716,12/1/1999,12/6/2019
12/6/2019,280976,1/1/2000,12/6/2019
12/6/2019,281190,2/1/2000,12/6/2019
12/6/2019,281409,3/1/2000,12/6/2019
12/6/2019,281653,4/1/2000,12/6/2019
12/6/2019,281877,5/1/2000,12/6/2019
12/6/2019,282126,6/1/2000,12/6/2019
12/6/2019,282385,7/1/2000,12/6/2019
12/6/2019,282653,8/1/2000,12/6/2019
12/6/2019,282932,9/1/2000,12/6/2019
12/6/2019,283201,10/1/2000,12/6/2019
12/6/2019,283453,11/1/2000,12/6/2019
12/6/2019,283696,12/1/2000,12/6/2019
12/6/2019,283920,1/1/2001,12/6/2019
12/6/2019,284137,2/1/2001,12/6/2019
12/6/2019,284350,3/1/2001,12/6/2019
12/6/2019,284581,4/1/2001,12/6/2019
12/6/2019,284810,5/1/2001,12/6/2019
12/6/2019,285062,6/1/2001,12/6/2019
12/6/2019,285309,7/1/2001,12/6/2019
12/6/2019,285570,8/1/2001,12/6/2019
12/6/2019,285843,9/1/2001,12/6/2019
12/6/2019,286098,10/1/2001,12/6/2019
12/6/2019,286341,11/1/2001,12/6/2019
12/6/2019,286570,12/1/2001,12/6/2019
12/6/2019,286788,1/1/2002,12/6/2019
12/6/2019,286994,2/1/2002,12/6/2019
12/6/2019,287190,3/1/2002,12/6/2019
12/6/2019,287397,4/1/2002,12/6/2019
12/6/2019,287623,5/1/2002,12/6/2019
12/6/2019,287864,6/1/2002,12/6/2019
12/6/2019,288105,7/1/2002,12/6/2019
12/6/2019,288360,8/1/2002,12/6/2019
12/6/2019,288618,9/1/2002,12/6/2019
12/6/2019,288870,10/1/2002,12/6/2019
12/6/2019,289106,11/1/2002,12/6/2019
12/6/2019,289313,12/1/2002,12/6/2019
12/6/2019,289518,1/1/2003,12/6/2019
12/6/2019,289714,2/1/2003,12/6/2019
12/6/2019,289911,3/1/2003,12/6/2019
12/6/2019,290125,4/1/2003,12/6/2019
12/6/2019,290346,5/1/2003,12/6/2019
12/6/2019,290584,6/1/2003,12/6/2019
12/6/2019,290820,7/1/2003,12/6/2019
12/6/2019,291072,8/1/2003,12/6/2019
12/6/2019,291321,9/1/2003,12/6/2019
12/6/2019,291574,10/1/2003,12/6/2019
12/6/2019,291807,11/1/2003,12/6/2019
12/6/2019,292008,12/1/2003,12/6/2019
12/6/2019,292192,1/1/2004,12/6/2019
12/6/2019,292368,2/1/2004,12/6/2019
12/6/2019,292561,3/1/2004,12/6/2019
12/6/2019,292779,4/1/2004,12/6/2019
12/6/2019,292997,5/1/2004,12/6/2019
12/6/2019,293223,6/1/2004,12/6/2019
12/6/2019,293463,7/1/2004,12/6/2019
12/6/2019,293719,8/1/2004,12/6/2019
12/6/2019,293971,9/1/2004,12/6/2019
12/6/2019,294230,10/1/2004,12/6/2019
12/6/2019,294466,11/1/2004,12/6/2019
12/6/2019,294694,12/1/2004,12/6/2019
12/6/2019,294914,1/1/2005,12/6/2019
12/6/2019,295105,2/1/2005,12/6/2019
12/6/2019,295287,3/1/2005,12/6/2019
12/6/2019,295490,4/1/2005,12/6/2019
12/6/2019,295704,5/1/2005,12/6/2019
12/6/2019,295936,6/1/2005,12/6/2019
12/6/2019,296186,7/1/2005,12/6/2019
12/6/2019,296440,8/1/2005,12/6/2019
12/6/2019,296707,9/1/2005,12/6/2019
12/6/2019,296972,10/1/2005,12/6/2019
12/6/2019,297207,11/1/2005,12/6/2019
12/6/2019,297431,12/1/2005,12/6/2019
12/6/2019,297647,1/1/2006,12/6/2019
12/6/2019,297854,2/1/2006,12/6/2019
12/6/2019,298060,3/1/2006,12/6/2019
12/6/2019,298281,4/1/2006,12/6/2019
12/6/2019,298496,5/1/2006,12/6/2019
12/6/2019,298739,6/1/2006,12/6/2019
12/6/2019,298996,7/1/2006,12/6/2019
12/6/2019,299263,8/1/2006,12/6/2019
12/6/2019,299554,9/1/2006,12/6/2019
12/6/2019,299835,10/1/2006,12/6/2019
12/6/2019,300094,11/1/2006,12/6/2019
12/6/2019,300340,12/1/2006,12/6/2019
12/6/2019,300574,1/1/2007,12/6/2019
12/6/2019,300802,2/1/2007,12/6/2019
12/6/2019,301021,3/1/2007,12/6/2019
12/6/2019,301254,4/1/2007,12/6/2019
12/6/2019,301483,5/1/2007,12/6/2019
12/6/2019,301739,6/1/2007,12/6/2019
12/6/2019,302004,7/1/2007,12/6/2019
12/6/2019,302267,8/1/2007,12/6/2019
12/6/2019,302546,9/1/2007,12/6/2019
12/6/2019,302807,10/1/2007,12/6/2019
12/6/2019,303054,11/1/2007,12/6/2019
12/6/2019,303287,12/1/2007,12/6/2019
12/6/2019,303506,1/1/2008,12/6/2019
12/6/2019,303711,2/1/2008,12/6/2019
12/6/2019,303907,3/1/2008,12/6/2019
12/6/2019,304117,4/1/2008,12/6/2019
12/6/2019,304323,5/1/2008,12/6/2019
12/6/2019,304556,6/1/2008,12/6/2019
12/6/2019,304798,7/1/2008,12/6/2019
12/6/2019,305045,8/1/2008,12/6/2019
12/6/2019,305309,9/1/2008,12/6/2019
12/6/2019,305554,10/1/2008,12/6/2019
12/6/2019,305786,11/1/2008,12/6/2019
12/6/2019,306004,12/1/2008,12/6/2019
12/6/2019,306208,1/1/2009,12/6/2019
12/6/2019,306402,2/1/2009,12/6/2019
12/6/2019,306588,3/1/2009,12/6/2019
12/6/2019,306787,4/1/2009,12/6/2019
12/6/2019,306984,5/1/2009,12/6/2019
12/6/2019,307206,6/1/2009,12/6/2019
12/6/2019,307439,7/1/2009,12/6/2019
12/6/2019,307685,8/1/2009,12/6/2019
12/6/2019,307946,9/1/2009,12/6/2019
12/6/2019,308189,10/1/2009,12/6/2019
12/6/2019,308418,11/1/2009,12/6/2019
12/6/2019,308633,12/1/2009,12/6/2019
12/6/2019,308833,1/1/2010,12/6/2019
12/6/2019,309027,2/1/2010,12/6/2019
12/6/2019,309212,3/1/2010,12/6/2019
12/6/2019,309191.211,4/1/2010,12/6/2019
12/6/2019,309369.053,5/1/2010,12/6/2019
12/6/2019,309548.502,6/1/2010,12/6/2019
12/6/2019,309745.698,7/1/2010,12/6/2019
12/6/2019,309957.775,8/1/2010,12/6/2019
12/6/2019,310176.466,9/1/2010,12/6/2019
12/6/2019,310399.958,10/1/2010,12/6/2019
12/6/2019,310595.764,11/1/2010,12/6/2019
12/6/2019,310781.705,12/1/2010,12/6/2019
12/6/2019,310960.74,1/1/2011,12/6/2019
12/6/2019,311113.376,2/1/2011,12/6/2019
12/6/2019,311265.404,3/1/2011,12/6/2019
12/6/2019,311436.238,4/1/2011,12/6/2019
12/6/2019,311607.08,5/1/2011,12/6/2019
12/6/2019,311791.223,6/1/2011,12/6/2019
12/6/2019,311997.049,7/1/2011,12/6/2019
12/6/2019,312205.367,8/1/2011,12/6/2019
12/6/2019,312429.118,9/1/2011,12/6/2019
12/6/2019,312644.159,10/1/2011,12/6/2019
12/6/2019,312829.523,11/1/2011,12/6/2019
12/6/2019,313009.712,12/1/2011,12/6/2019
12/6/2019,313183.179,1/1/2012,12/6/2019
12/6/2019,313338.977,2/1/2012,12/6/2019
12/6/2019,313499.369,3/1/2012,12/6/2019
12/6/2019,313667.127,4/1/2012,12/6/2019
12/6/2019,313830.53,5/1/2012,12/6/2019
12/6/2019,314017.594,6/1/2012,12/6/2019
12/6/2019,314210.786,7/1/2012,12/6/2019
12/6/2019,314422.341,8/1/2012,12/6/2019
12/6/2019,314646.749,9/1/2012,12/6/2019
12/6/2019,314853.978,10/1/2012,12/6/2019
12/6/2019,315053.863,11/1/2012,12/6/2019
12/6/2019,315232.752,12/1/2012,12/6/2019
12/6/2019,315389.595,1/1/2013,12/6/2019
12/6/2019,315520.143,2/1/2013,12/6/2019
12/6/2019,315662.224,3/1/2013,12/6/2019
12/6/2019,315817.855,4/1/2013,12/6/2019
12/6/2019,315983.654,5/1/2013,12/6/2019
12/6/2019,316171.042,6/1/2013,12/6/2019
12/6/2019,316358.778,7/1/2013,12/6/2019
12/6/2019,316580.327,8/1/2013,12/6/2019
12/6/2019,316806.125,9/1/2013,12/6/2019
12/6/2019,317022.27,10/1/2013,12/6/2019
12/6/2019,317228.026,11/1/2013,12/6/2019
12/6/2019,317411.551,12/1/2013,12/6/2019
12/6/2019,317593.923,1/1/2014,12/6/2019
12/6/2019,317753.883,2/1/2014,12/6/2019
12/6/2019,317917.203,3/1/2014,12/6/2019
12/6/2019,318089.218,4/1/2014,12/6/2019
12/6/2019,318269.505,5/1/2014,12/6/2019
12/6/2019,318464.152,6/1/2014,12/6/2019
12/6/2019,318662.368,7/1/2014,12/6/2019
12/6/2019,318893.786,8/1/2014,12/6/2019
12/6/2019,319125.296,9/1/2014,12/6/2019
12/6/2019,319353.734,10/1/2014,12/6/2019
12/6/2019,319564.209,11/1/2014,12/6/2019
12/6/2019,319746.157,12/1/2014,12/6/2019
12/6/2019,319928.646,1/1/2015,12/6/2019
12/6/2019,320074.511,2/1/2015,12/6/2019
12/6/2019,320230.786,3/1/2015,12/6/2019
12/6/2019,320402.295,4/1/2015,12/6/2019
12/6/2019,320583.972,5/1/2015,12/6/2019
12/6/2019,320773.558,6/1/2015,12/6/2019
12/6/2019,320978.213,7/1/2015,12/6/2019
12/6/2019,321202.45,8/1/2015,12/6/2019
12/6/2019,321427.611,9/1/2015,12/6/2019
12/6/2019,321653.019,10/1/2015,12/6/2019
12/6/2019,321856.265,11/1/2015,12/6/2019
12/6/2019,322043.071,12/1/2015,12/6/2019
12/6/2019,322232.862,1/1/2016,12/6/2019
12/6/2019,322398.098,2/1/2016,12/6/2019
12/6/2019,322551.468,3/1/2016,12/6/2019
12/6/2019,322721.212,4/1/2016,12/6/2019
12/6/2019,322899.995,5/1/2016,12/6/2019
12/6/2019,323088.466,6/1/2016,12/6/2019
12/6/2019,323291.042,7/1/2016,12/6/2019
12/6/2019,323501.361,8/1/2016,12/6/2019
12/6/2019,323709.851,9/1/2016,12/6/2019
12/6/2019,323919.726,10/1/2016,12/6/2019
12/6/2019,324106.527,11/1/2016,12/6/2019
12/6/2019,324274.912,12/1/2016,12/6/2019
12/6/2019,324438.195,1/1/2017,12/6/2019
12/6/2019,324581.497,2/1/2017,12/6/2019
12/6/2019,324713.97,3/1/2017,12/6/2019
12/6/2019,324861.757,4/1/2017,12/6/2019
12/6/2019,325019.199,5/1/2017,12/6/2019
12/6/2019,325186.237,6/1/2017,12/6/2019
12/6/2019,325367.612,7/1/2017,12/6/2019
12/6/2019,325567.716,8/1/2017,12/6/2019
12/6/2019,325766.019,9/1/2017,12/6/2019
12/6/2019,325965.952,10/1/2017,12/6/2019
12/6/2019,326142.633,11/1/2017,12/6/2019
12/6/2019,326301.399,12/1/2017,12/6/2019
12/6/2019,326454.123,1/1/2018,12/6/2019
12/6/2019,326600.823,2/1/2018,12/6/2019
12/6/2019,326736.69,3/1/2018,12/6/2019
12/6/2019,326887.866,4/1/2018,12/6/2019
12/6/2019,327048.704,5/1/2018,12/6/2019
12/6/2019,327219.14,6/1/2018,12/6/2019
12/6/2019,327403.909,7/1/2018,12/6/2019
12/6/2019,327600.25,8/1/2018,12/6/2019
12/6/2019,327794.788,9/1/2018,12/6/2019
12/6/2019,327990.95,10/1/2018,12/6/2019
12/6/2019,328163.864,11/1/2018,12/6/2019
12/6/2019,328318.861,12/1/2018,12/6/2019
12/6/2019,328467.812,1/1/2019,12/6/2019
12/6/2019,328610.744,2/1/2019,12/6/2019
12/6/2019,328742.843,3/1/2019,12/6/2019
12/6/2019,328890.25,4/1/2019,12/6/2019
12/6/2019,329047.319,5/1/2019,12/6/2019
12/6/2019,329213.989,6/1/2019,12/6/2019
12/6/2019,329394.993,7/1/2019,12/6/2019
12/6/2019,329591.333,8/1/2019,12/6/2019
12/6/2019,329785.872,9/1/2019,12/6/2019
12/6/2019,329982.035,10/1/2019,12/6/2019
12/6/2019,330154.949,11/1/2019,12/6/2019
12/6/2019,330309.946,12/1/2019,12/6/2019
